{"XGB": 0.8140607602990297, "_timestamp": 1682929045.29677, "_runtime": 213.31299018859863, "_step": 4}